Keyword,Location,Target Search Intent,Difficulty,Average Volume,Target Landing Page URL,Service Category
web design Little Rock,Little Rock AR,Commercial,Medium,480,/locations/web-design-little-rock,Web Design
SEO Fayetteville,Fayetteville AR,Commercial,Low,320,/locations/seo-fayetteville,SEO
web design Bentonville,Bentonville AR,Commercial,Medium,380,/locations/web-design-bentonville,Web Design
WooCommerce Pune,Pune MH India,Commercial,Medium,180,/locations/woocommerce-pune,WooCommerce
seo Rogers AR,Rogers AR,Commercial,Low,220,/locations/seo-rogers,SEO
custom web development Little Rock,Little Rock AR,Commercial,Low,90,/locations/web-design-little-rock,Custom Development
web design Fayetteville,Fayetteville AR,Commercial,Medium,410,/locations/web-design-fayetteville,Web Design
pagespeed optimization Pune,Pune MH India,Commercial,Low,70,/locations/speed-optimization-pune,Speed Optimization
web design Northwest Arkansas,NWA AR,Commercial,High,600,/locations/web-design-nwa,Web Design
woocommerce developer Fayetteville,Fayetteville AR,Commercial,Low,50,/locations/woocommerce-fayetteville,WooCommerce
seo Little Rock,Little Rock AR,Commercial,Medium,290,/locations/seo-little-rock,SEO
speed optimization agency Dallas,Dallas TX,Commercial,Medium,150,/locations/speed-optimization-dallas,Speed Optimization
custom web design Austin,Austin TX,Commercial,High,450,/locations/web-design-austin,Web Design
wordpress speed optimization Pune,Pune MH India,Commercial,Low,110,/locations/speed-optimization-pune,Speed Optimization
e-commerce development Bentonville,Bentonville AR,Commercial,Low,80,/locations/ecommerce-bentonville,WooCommerce
